{
    "os": "Linux-5.11.0-27-generic-x86_64-with-debian-bullseye-sid",
    "python": "3.7.7",
    "heartbeatAt": "2021-09-01T19:07:51.033970",
    "startedAt": "2021-09-01T19:07:48.397713",
    "docker": null,
    "gpu": "NVIDIA GeForce RTX 3060",
    "gpu_count": 1,
    "cpu_count": 6,
    "cuda": null,
    "args": [
        "-f",
        "/home/indika/.local/share/jupyter/runtime/kernel-30e5c46a-8552-4a72-b02b-aa75d9320f2d.json"
    ],
    "state": "running",
    "program": "<python with no main file>",
    "host": "programmer-rd-ai",
    "username": "indika",
    "executable": "/home/indika/anaconda3/bin/python"
}
