{
    "os": "Linux-5.11.0-27-generic-x86_64-with-debian-bullseye-sid",
    "python": "3.7.7",
    "heartbeatAt": "2021-09-01T19:05:58.766812",
    "startedAt": "2021-09-01T19:05:42.273531",
    "docker": null,
    "gpu": "NVIDIA GeForce RTX 3060",
    "gpu_count": 1,
    "cpu_count": 6,
    "cuda": null,
    "args": [
        "-f",
        "/home/indika/.local/share/jupyter/runtime/kernel-0e71c7aa-b8c2-4ba2-aba2-a833d800b870.json"
    ],
    "state": "running",
    "program": "00.ipynb",
    "root": "/home/indika/Programming/Projects/Python/Artifical-Intelligence/Sklearn-PyTorch/House-Prices-Advanced-Regression-Techniques-V11-Competition",
    "host": "programmer-rd-ai",
    "username": "indika",
    "executable": "/home/indika/anaconda3/bin/python"
}
